Suite;Case;Kind;ExpectedSequence;ExpectedParallel;TrackPerformance;Path1;Path2
sanity-unit;bv_2_FALSE;unit;NC;NC;no;benchmarks/buggy/bv_2_veriqbench_FALSE.qasm;benchmarks/VeriQbench/combinational/bv/bv_2.qasm
sanity-unit;tof_5_FALSE_gate;unit;NC;NC;no;benchmarks/buggy/tof_5_FALSE_gate.qasm;benchmarks/Feynman/tof_5.qasm
unit-vs-hybrid;pe_2;lift;EQ;EQ;no;benchmarks/VeriQbench/combinational/pe/pe_2.qasm;benchmarks/VeriQbench/dynamic/pe/dqc_pe_2.qasm
unit-vs-hybrid;qft_4;lift;EQ;EQ;no;benchmarks/VeriQbench/combinational/qft/qft_4.qasm;benchmarks/VeriQbench/dynamic/qft/dqc_qft_4.qasm
unit-vs-hybrid;pe_64;lift;EQ;-;yes;benchmarks/VeriQbench/combinational/pe/pe_64.qasm;benchmarks/VeriQbench/dynamic/pe/dqc_pe_64.qasm
unit-vs-hybrid;qft_98;lift;-;EQ;yes;benchmarks/VeriQbench/combinational/qft/qft_98.qasm;benchmarks/VeriQbench/dynamic/qft/dqc_qft_98.qasm
veriqc;DQC_qft_5;lift;EQ;EQ;no;benchmarks/VeriQC/DQC_qft_5_1.qasm;benchmarks/VeriQC/DQC_qft_5.qasm
veriqc;DQC_teleportation;lift;EQ;EQ;no;benchmarks/VeriQC/DQC_teleportation_1.qasm;benchmarks/VeriQC/DQC_teleportation.qasm
sanity-hybrid;dqc_teleportation_FALSE_gate;lift;NC;NC;no;benchmarks/VeriQbench/dynamic/dqc_teleportation.qasm;benchmarks/buggy/dqc_teleportation_FALSE_gate.qasm
